filename,status, issue_cause downloadURL, issue_cause accessURL
Link to OP_VolumeAPEB762EMPLactiveageing20111017.zip,delivered,no download url available
Link to OP_VolumeAEB762EMPLactiveageing20111205.zip,delivered,no download url available
Link to OP_VolumeAAEB762EMPLactiveageing20111205.zip,delivered,no download url available
Link to OP_VolumeBEB762EMPLactiveageing20111209.zip,delivered,no download url available
Link to OP_VolumesCEB762EMPLactiveageingxls20111206.zip,delivered,no download url available
